name,type,latitude,longitude,importance,source
Renault Fatimanagar,Mall,18.5060978,73.9014122,4,OSM
Bizzbay,Mall,18.4693177,73.9001256,4,OSM
"Reliance Mart , Fatima Nagar",Mall,18.5025271,73.9003371,4,OSM
Reliance Trends,Mall,18.50437,73.8335296,4,OSM
City One,Mall,18.6331316,73.8005565,4,OSM
More Quality Store,Mall,18.5879497,73.7844052,4,OSM
Big Bazaar,Mall,18.5920781,73.7447483,4,OSM
Reliance Smart Point,Mall,18.446986,73.8001409,4,OSM
Icon Tower,Mall,18.6009418,73.7459472,4,OSM
The Kopa,Mall,18.5391273,73.9079052,4,OSM
creaty city,Mall,18.5566278,73.894313,4,OSM
Nyati Plaza,Mall,18.5495335,73.9373579,4,OSM
SGS Mall,Mall,18.5194958,73.8773508,4,OSM
KPCT Mall,Mall,18.503679,73.9005527,4,OSM
Sacred World,Mall,18.4912609,73.9003848,4,OSM
Khadki Business Centre,Mall,18.5646128,73.8512901,4,OSM
Unknown Mall,Mall,18.5559101,73.8937014,4,OSM
shastri nagar,Mall,18.5562668,73.8943058,4,OSM
Unknown Mall,Mall,18.5561173,73.894991,4,OSM
Unknown Mall,Mall,18.5563823,73.8936644,4,OSM
Unknown Mall,Mall,18.5566417,73.893536,4,OSM
Unknown Mall,Mall,18.5565621,73.8951546,4,OSM
Unknown Mall,Mall,18.5562038,73.8937554,4,OSM
Jewel Square Mall,Mall,18.5389093,73.8859194,4,OSM
Destination Center,Mall,18.5097164,73.9283447,4,OSM
Centro Mall,Mall,18.5344572,73.8386178,4,OSM
Krome,Mall,18.5068099,73.9076869,4,OSM
Inorbit Mall,Mall,18.5604457,73.9206662,4,OSM
Kumar Pacific Mall,Mall,18.5011325,73.8723413,4,OSM
Unknown Mall,Mall,18.5685584,73.9074894,4,OSM
Phoenix Marketcity,Mall,18.5620956,73.9167335,4,OSM
Centro Mall,Mall,18.5104536,73.8385994,4,OSM
Kakade Center Port,Mall,18.5376663,73.8359677,4,OSM
Amanora Mall,Mall,18.5186409,73.935231,4,OSM
Amanora Town Centre,Mall,18.5186533,73.9351156,4,OSM
Konark Indrayu Mall,Mall,18.4704196,73.8892048,4,OSM
Megamart,Mall,18.5869785,73.833445,4,OSM
Aditya Shagun Mall,Mall,18.5192742,73.7785162,4,OSM
City One,Mall,18.6332281,73.8006184,4,OSM
Grand Highstreet,Mall,18.5937966,73.7255314,4,OSM
Central Mall,Mall,18.6324862,73.800948,4,OSM
City Mall,Mall,18.5414054,73.8307134,4,OSM
Dmart,Mall,18.6141427,73.7847261,4,OSM
Lighthouse Mall,Mall,18.4806109,73.8628058,4,OSM
Spot 18,Mall,18.5936724,73.7859582,4,OSM
Dorabjee Royal Heritage Mall,Mall,18.4672005,73.9062329,4,OSM
Unknown Mall,Mall,18.5513743,73.820874,4,OSM
Previa,Mall,18.6498951,73.8399006,4,OSM
Premier Plaza,Mall,18.6359724,73.7962562,4,OSM
18 Latitude Business Complex,Mall,18.6239522,73.7319353,4,OSM
93 Avenue,Mall,18.5055283,73.9066198,4,OSM
Goodwill Square,Mall,18.5978683,73.9039883,4,OSM
The Pavillion,Mall,18.5337227,73.8296242,4,OSM
The Social Street,Mall,18.5905487,73.7457152,4,OSM
Shree Ram Arcade,Mall,18.5435349,73.7267966,4,OSM
Mspace mall,Mall,18.6294854,73.8081839,4,OSM
Vision Flora,Mall,18.592628,73.7999779,4,OSM
Elpro City Square,Mall,18.6285679,73.7836689,4,OSM
Unknown Mall,Mall,18.5668081,73.8070955,4,OSM
Streets of Europe,Mall,18.5849763,73.7305265,4,OSM
Westend Mall,Mall,18.5617104,73.8069352,4,OSM
BJ Medical College,College,18.5268345,73.8719155,3,OSM
Bharati Vidhyapeeth College Of Engineering,College,18.4566136,73.8563024,3,OSM
Symbiosis Institute Of Technology,College,18.5412214,73.7274563,3,OSM
Asian College,College,18.44648,73.8207326,3,OSM
V.M. Gany Sports Complex & Pavilion,College,18.504507,73.8763368,3,OSM
Pune Institute of Computer Technology,College,18.4575638,73.8507352,3,OSM
Homoeopathic Medical College,College,18.4597522,73.854721,3,OSM
Defence Institute of Advanced Technology DIAT,College,18.4242379,73.7587028,3,OSM
MLIT,College,18.4220124,73.7598356,3,OSM
Bharati Vidyapeeth Medical College,College,18.4572357,73.8562612,3,OSM
Bharati Vidyapeeth Dental College,College,18.4572866,73.8552849,3,OSM
Unknown College,College,18.422481,73.9068579,3,OSM
"Hope Foundation's International Institute of Information Technolohy, Pune",College,18.5837559,73.7363713,3,OSM
Suryadatta college of Management,College,18.5202898,73.7731303,3,OSM
The Suryadatta Education Foundation,College,18.5196451,73.773235,3,OSM
Asian School of Cyber Laws,College,18.5525484,73.7710341,3,OSM
Symbiosis Medical College for Women,College,18.5386351,73.7287845,3,OSM
Symbiosis School of Culinary Arts,College,18.5399526,73.7290649,3,OSM
Centre for Developemtn Studies and Activities,College,18.5075067,73.770818,3,OSM
Unknown College,College,18.5377942,73.8335456,3,OSM
Department of Politics and Public Administration,College,18.5517146,73.8258085,3,OSM
Department of Law,College,18.5469747,73.8289406,3,OSM
University Press,College,18.5477342,73.8283583,3,OSM
SYMBOSIS INTERNATIONAL SCHOOL,College,18.565958,73.9075523,3,OSM
NOWROSJEE WADIA COLLEGE,College,18.5327671,73.879795,3,OSM
Poona College of Pharmacy,College,18.5129851,73.8204854,3,OSM
Symbiosis Law School,College,18.5755009,73.9079991,3,OSM
Unknown College,College,18.5023768,73.7700102,3,OSM
Symbiosis School for Liberal Arts,College,18.5756121,73.9079897,3,OSM
Symbiosis Summer School,College,18.5754006,73.9087895,3,OSM
Gokhale Institute of Politics & Economics,College,18.5208688,73.8327706,3,OSM
Allard College of Pharmacy.,College,18.6085799,73.7199551,3,OSM
Allard College of Engineering and Management.,College,18.609518,73.7195665,3,OSM
Shri Bhairavnath Junior College,College,18.6311902,73.8480258,3,OSM
I2IT Academic Building,College,18.584728,73.7375623,3,OSM
Department of Computer Science,College,18.5528472,73.8221594,3,OSM
Department of Media & Communication Studies,College,18.5539915,73.8225086,3,OSM
International Students Cells,College,18.5556206,73.8237104,3,OSM
Department of Chemistry,College,18.5520754,73.8241664,3,OSM
Botany Department,College,18.5487768,73.8243987,3,OSM
Zoology Department,College,18.5493682,73.8237828,3,OSM
C-DAC,College,18.5517394,73.8238008,3,OSM
Department of Physics,College,18.5512829,73.8236788,3,OSM
Department of Commerce,College,18.5480718,73.8277203,3,OSM
Department of Geology,College,18.5483994,73.8275902,3,OSM
Department of Mathematics,College,18.5490289,73.8274108,3,OSM
"Department of Scientific computing, modeling and simulations",College,18.5485908,73.8292683,3,OSM
IT cell,College,18.5484079,73.8289722,3,OSM
Department of Geography,College,18.5480567,73.8273208,3,OSM
"English, hindi, marathi Department",College,18.5504583,73.8269321,3,OSM
Microbiology Department,College,18.5462183,73.8297842,3,OSM
Pune University MBA(PUMBA),College,18.547166,73.8299225,3,OSM
Department of Technology,College,18.5569168,73.8277317,3,OSM
Guest house,College,18.5567516,73.828336,3,OSM
Department of physical education,College,18.557149,73.8273561,3,OSM
Department of education,College,18.5573503,73.8274106,3,OSM
department of psychology,College,18.5566673,73.8273989,3,OSM
"School of Open Learning, SPPU",College,18.5569548,73.8263103,3,OSM
Department of Sports,College,18.5585252,73.8256101,3,OSM
Inter University Centre for Astronomy and Astrophysics,College,18.5594399,73.8256101,3,OSM
Department of Electronic sciences,College,18.5516812,73.8226376,3,OSM
Interdisciplinary School of science,College,18.5568199,73.8263028,3,OSM
"Dr. D Y Patil College Of Pharmacy, Akurdi",College,18.6449504,73.7601638,3,OSM
"DY Patil College of Engineering,Akurdi",College,18.6450117,73.7582226,3,OSM
Dr. D. Y. Patil ACS Junior College,College,18.64457,73.7587337,3,OSM
"D.Y Patil Polytechnic, Akurdi, Pune",College,18.6443535,73.7592859,3,OSM
D. Y. Patil International University,College,18.6458827,73.7601197,3,OSM
D. Y. PATIL INSTITUTE OF MASTER OF COMPUTER APPLICATIONS,College,18.6467457,73.7603698,3,OSM
Dr D Y Patil College of Agricultural Business Management,College,18.6477042,73.7604499,3,OSM
Dr. D. Y. Patil College of Architecture,College,18.6473127,73.7603601,3,OSM
DYPCOE WORKSHOP,College,18.6443185,73.7600302,3,OSM
"Sarhad College of Arts, Commerce and Science",College,18.4549968,73.85409,3,OSM
"S.B.B alias Appasaheb Jedhe Arts, Commerce & Science College",College,18.5069092,73.8571889,3,OSM
Ekalavya Shikshan Sanstha,College,18.5025631,73.7954838,3,OSM
SIMC,College,18.5367557,73.7316055,3,OSM
SIBM,College,18.5377294,73.7318071,3,OSM
Government Urdu Teachers College (For Women),College,18.5081643,73.8743408,3,OSM
"Biotechnology Department, Fergusson College",College,18.5264219,73.8402377,3,OSM
Vishwakarma University,College,18.4603162,73.8835996,3,OSM
sant tukaram collage,College,18.5976204,73.9241955,3,OSM
COEP,College,18.53051,73.8579376,3,OSM
ILS Law College,College,18.5171397,73.8279459,3,OSM
Armed Forces Medical College,College,18.5028462,73.8935819,3,OSM
Indian Institute of Tropical Meteorology (IITM),College,18.5367789,73.8052749,3,OSM
Modern College of Engineering,College,18.525506,73.8464333,3,OSM
Armament Research and Development Establishment,College,18.5356514,73.8006044,3,OSM
National Defence Academy,College,18.4565863,73.7677697,3,OSM
Indian Railways Institute of Civil Engineering,College,18.5287068,73.8755212,3,OSM
College of Military Engineering,College,18.5966642,73.8458605,3,OSM
Foundation for Liberal And Management Education (FLAME) Pune,College,18.5238151,73.7308633,3,OSM
D. Y. Patil Educational Complex,College,18.6460655,73.7595862,3,OSM
College of Agricultural Banking,College,18.5372452,73.8369728,3,OSM
AISSMS College of Hotel Management,College,18.526896,73.8543202,3,OSM
National Institute Of Bank Management,College,18.475327,73.8997198,3,OSM
Film and Television Institute of India,College,18.5132603,73.826542,3,OSM
Unknown College,College,18.5178535,73.8409504,3,OSM
Bhandarkar Oriental Research Institute,College,18.5193463,73.8291789,3,OSM
Abasaheb Garware College,College,18.5116932,73.8387677,3,OSM
Fergusson College,College,18.5240695,73.8388337,3,OSM
Gokhale Institute of Politics and Economics,College,18.5206084,73.8369524,3,OSM
Institute of Management Development and Research,College,18.5206074,73.8381567,3,OSM
Marathwada Mitramandal College of Commerce,College,18.5205017,73.8388189,3,OSM
SNDT Women's University,College,18.5088698,73.8274077,3,OSM
"Industrial Training Institute, Aundh",College,18.5589453,73.8115064,3,OSM
Tilak Maharashtra Vidyapeeth,College,18.4934626,73.8649299,3,OSM
Vishwakarma Institute of Technology (VIT),College,18.4637427,73.8683375,3,OSM
Azam Campus,College,18.5042882,73.8764661,3,OSM
Shahu College,College,18.4917341,73.8446237,3,OSM
Maharashtra Institute of Technology World Peace University,College,18.5182017,73.8152712,3,OSM
Magarpatta Institute Of Management & Technology,College,18.5176124,73.9202514,3,OSM
Symbiosis Institute of Management Studies (SIMS),College,18.5485516,73.8394372,3,OSM
Symbiosis International University,College,18.5337638,73.7295155,3,OSM
Abhinav Kala Mahavidyalaya,College,18.5054546,73.8532324,3,OSM
Dhondumama Sathe Homoeopathic Medical College,College,18.5097626,73.836558,3,OSM
Ashtang Ayurved Mahavidyalaya,College,18.5062866,73.8509751,3,OSM
Indian Institute of Science Education and Research,College,18.5454002,73.8071522,3,OSM
SSPP College,College,18.5170709,73.8158193,3,OSM
MIT School of Management,College,18.5159552,73.8150124,3,OSM
Bharati Vidyapeeth,College,18.5136169,73.819834,3,OSM
Krushi Mahavidyalay,College,18.5380118,73.8435671,3,OSM
Government Polytechnic Pune,College,18.5380811,73.8324327,3,OSM
Spicer Adventist University,College,18.5659264,73.8196034,3,OSM
PVG's College of Engineering and Technology,College,18.4898635,73.8525527,3,OSM
MIT School of Business,College,18.5159551,73.8158337,3,OSM
Tilak Ayurveda Mahavidyalay,College,18.5183694,73.8625663,3,OSM
Maharashtra State Institute of Hotel Management and Catering Technology,College,18.531161,73.8320983,3,OSM
Ranade Institute,College,18.5191163,73.8407178,3,OSM
Symbiosis College of Arts & Commerce,College,18.5224663,73.8298429,3,OSM
AISSMS,College,18.5310387,73.8657568,3,OSM
Rajiv Gandhi Academy of E-Learning,College,18.4921425,73.8538125,3,OSM
DYP COE,College,18.6449639,73.7582388,3,OSM
ground clg,College,18.5309669,73.8562605,3,OSM
"Sinhagad Junior College of Arts, Science and Commerce",College,18.4617651,73.8327837,3,OSM
MIS International School,College,18.5755836,73.7658971,3,OSM
Modern College,College,18.5413635,73.8278917,3,OSM
St. Mira's College,College,18.5349476,73.8864578,3,OSM
Symbiosis International University (Hill-base),College,18.5408698,73.727469,3,OSM
Zeal Education Society,College,18.4489519,73.8249182,3,OSM
ATSS College,College,18.6387446,73.796076,3,OSM
Symbiosis International,College,18.5757257,73.9087771,3,OSM
SKP Campus,College,18.572833,73.7738116,3,OSM
College of Engineering,College,18.5341345,73.8802248,3,OSM
Sinhagad College Wadgaon Campus,College,18.4667216,73.835006,3,OSM
Balaji Institute,College,18.6102723,73.7547804,3,OSM
Indira Group of Institute (IGI),College,18.609505,73.7503099,3,OSM
D.Y. Patil,College,18.6147774,73.7496202,3,OSM
Bharati Vidyapeeth Campus,College,18.4577521,73.8544558,3,OSM
Sinhgad Institute of Technology and Scinece,College,18.4550836,73.8183618,3,OSM
JSPM Institute,College,18.6179787,73.7488255,3,OSM
Savitribai Phule Pune University,College,18.5512351,73.8261069,3,OSM
Abhinav Kala Mahavidyalay,College,18.5439819,73.7796135,3,OSM
Unknown College,College,18.6340572,73.7779881,3,OSM
Centre for Development Studies and Activities,College,18.5068621,73.7710024,3,OSM
Centre for Development Studies and Activities,College,18.5071552,73.773957,3,OSM
Dy Patil Ground,College,18.6474736,73.75871,3,OSM
International School of Business and Media,College,18.5437119,73.7334391,3,OSM
H. V. Desai College,College,18.5182597,73.8559604,3,OSM
Dr. D. Y. Patil ACS Junior College,College,18.6444663,73.7586862,3,OSM
S. B Patil College,College,18.650608,73.7452413,3,OSM
international institute of information technology,College,18.5846339,73.736943,3,OSM
PICT CAMPUS,College,18.457842,73.8508247,3,OSM
Solus Complex,College,18.6104067,73.7210021,3,OSM
S M Joshi College,College,18.5034438,73.9367089,3,OSM
Universe Campus,College,18.6116904,73.7487811,3,OSM
Maharshi Karve Stree Shikshan Samstha's School of Fashion Technology,College,18.4437889,73.8335631,3,OSM
Tapasya Campus,College,18.6108328,73.7505478,3,OSM
JSPM Group Of Institutes,College,18.4723248,73.9369676,3,OSM
Dr. D. Y. Patil Medical College and Hospital,College,18.6233046,73.8231578,3,OSM
Smt Kashibai Navale Medical College and Hospital,College,18.4560161,73.8221313,3,OSM
PDEA Shankarrao Ursal College of Pharmacy,College,18.5477193,73.9446588,3,OSM
Pimpri Chinchwad College of Engineering and Research,College,18.6513847,73.7453599,3,OSM
D Y Patil Dental School,College,18.6203253,73.9109239,3,OSM
Sardar Patel Cantonment General Hospital,Hospital,18.5027163,73.87712,3,OSM
Dr. Babasaheb Ambedkar Cantonment General Hospital,Hospital,18.569025,73.8486994,3,OSM
Command Hospital Southern Command,Hospital,18.5005828,73.8894328,3,OSM
Sassoon Hospital,Hospital,18.5251434,73.8695664,3,OSM
Sanjeevani Vitalife Medipoint Hospital,Hospital,18.5649263,73.8022626,3,OSM
LifeLine Hospital,Hospital,18.5597445,73.8062674,3,OSM
Dr. Chowdhary,Hospital,18.5547291,73.8082012,3,OSM
Dr. Bonagiri,Hospital,18.5554816,73.8088556,3,OSM
Shree Sakthi Hospital,Hospital,18.5883392,73.8015444,3,OSM
Karva Hospital,Hospital,18.5009733,73.8461063,3,OSM
Jeevan Deep Medicare Centre,Hospital,18.5433023,73.7838607,3,OSM
Sahyadri Hospital,Hospital,18.5074625,73.8057842,3,OSM
"Krishna Hospital, Pune",Hospital,18.5092055,73.8128199,3,OSM
Madhukar General Hospital,Hospital,18.4789234,73.8241232,3,OSM
Dr. Naik Clinic,Hospital,18.4745644,73.8140764,3,OSM
Shewale Hospital,Hospital,18.5626652,73.8325327,3,OSM
Trimurti Hospital,Hospital,18.462396,73.8150518,3,OSM
Sanjiwini Hospital,Hospital,18.4433669,73.848079,3,OSM
Surya Sahyadri Hospital,Hospital,18.521259,73.8556767,3,OSM
Fatima Convent Sahyadri Clinic,Hospital,18.5045156,73.9008129,3,OSM
Gupte Hospital Of Accurate Diagnostics Pvt Ltd,Hospital,18.519051,73.8398724,3,OSM
AIMS Hospital,Hospital,18.5625409,73.8106962,3,OSM
"Naik Hospital, Pune",Hospital,18.5102879,73.8594694,3,OSM
Satyanand Hospital,Hospital,18.4707709,73.8886878,3,OSM
Bora Hospital,Hospital,18.511463,73.8625468,3,OSM
Patil Hospital,Hospital,18.4791887,73.8247015,3,OSM
Sahyadri Hospital,Hospital,18.5029092,73.9277341,3,OSM
NON,Hospital,18.5098623,73.9286042,3,OSM
Unknown Hospital,Hospital,18.4831808,73.8273409,3,OSM
Apple Hospital,Hospital,18.5884835,73.7802163,3,OSM
Metro Chemist,Hospital,18.4598178,73.7859551,3,OSM
Damle Pediatric & general practice,Hospital,18.4602735,73.7856466,3,OSM
Golwilkar Metropolis Heath Service (India) Pvt Ltd,Hospital,18.5181296,73.8344155,3,OSM
Paranjape Hospital,Hospital,18.5143979,73.8460515,3,OSM
"Spandan Hospital, Pune",Hospital,18.6141649,73.765762,3,OSM
Ashakiran Hospital,Hospital,18.5719235,73.7811374,3,OSM
Pawar Surgical Hospital,Hospital,18.5012035,73.9379293,3,OSM
Pulse Hospital,Hospital,18.4594817,73.8233106,3,OSM
ONP Leela Hospital,Hospital,18.5329215,73.8468085,3,OSM
Meera Hospital,Hospital,18.5022882,73.8746894,3,OSM
Seth Ramdas Shah Memorial Hospital and Research Centre,Hospital,18.5293628,73.8284091,3,OSM
Ashwini Hospital,Hospital,18.576745,73.7757678,3,OSM
NRS hospital,Hospital,18.6007211,73.7751811,3,OSM
Unknown Hospital,Hospital,18.571183,73.7948972,3,OSM
Nityanand Rehabilitation and Residential Mental Heal,Hospital,18.4565508,73.8515434,3,OSM
Yashda Hospital,Hospital,18.5168084,73.859535,3,OSM
Mohite Eye Hospital,Hospital,18.5006535,73.936556,3,OSM
Joglekar Hospital,Hospital,18.5327524,73.8336359,3,OSM
"Rakshak Hospital, Pune",Hospital,18.5628712,73.9377429,3,OSM
Parmar Multi Speciality Hospital and Maternity Home,Hospital,18.5600564,73.8072065,3,OSM
Chaitanya Centre For Psychological Help,Hospital,18.4795175,73.8043727,3,OSM
Mothercare Hospital,Hospital,18.4872463,73.8760145,3,OSM
"Sahyadri Hospital, Bibvewadi",Hospital,18.4781739,73.862105,3,OSM
Bhalerao ENT Hospital & Laser Centre,Hospital,18.6495394,73.7777303,3,OSM
Siddhi Health Care Center,Hospital,18.5857676,73.818174,3,OSM
Argade Infertility and Endoscopic Surgery and Icu Center,Hospital,18.5017523,73.8102353,3,OSM
Shree Balaji Eye Hospital,Hospital,18.4910283,73.8581684,3,OSM
Chaitanya Stem Cell Center,Hospital,18.5000189,73.8503981,3,OSM
Shree Shakti Hospital,Hospital,18.5887256,73.8014048,3,OSM
"Welfare Medical Foundatios, Mohintara Hospital",Hospital,18.5034761,73.9291031,3,OSM
"Pawar Hospital, Pune",Hospital,18.4658771,73.8601231,3,OSM
Galaxy Care Laparoscopy Institute Pvt. Ltd.,Hospital,18.5110031,73.837105,3,OSM
Punarvasu Chikitsalaya,Hospital,18.5284781,73.8423179,3,OSM
Ushakiran General Hospital,Hospital,18.5019965,73.9348286,3,OSM
"Sangam Hospital, Pune",Hospital,18.4757105,73.8578707,3,OSM
"Zenith Hospital, Pune",Hospital,18.5025879,73.9294803,3,OSM
Umarji Hospital,Hospital,18.5119352,73.857758,3,OSM
Amrut Hospital,Hospital,18.6098278,73.8017106,3,OSM
Latkar Hospital,Hospital,18.5609006,73.8132226,3,OSM
Lunkad Hospital,Hospital,18.5840808,73.833248,3,OSM
Shashwat Hospital,Hospital,18.4948349,73.8135271,3,OSM
Medipoint Hospital,Hospital,18.5623861,73.933849,3,OSM
Indira Maternity Home,Hospital,18.5122188,73.8762961,3,OSM
"Bhoir Hospital, Pune",Hospital,18.6142278,73.7647042,3,OSM
Alatkar Hospital,Hospital,18.5018572,73.9322779,3,OSM
Pimpri Chinchwad (Pcip) Institute Of Paediatrics,Hospital,18.6185477,73.803735,3,OSM
Rode Hospital,Hospital,18.6186748,73.8699487,3,OSM
Ranka Hospital,Hospital,18.4950117,73.861886,3,OSM
Niramaya Hospital,Hospital,18.6394848,73.7967941,3,OSM
Bhide Hospital,Hospital,18.5048666,73.8443399,3,OSM
Poona Laser Center,Hospital,18.5123701,73.8381752,3,OSM
Siddhant Maternity Home,Hospital,18.4792694,73.8566422,3,OSM
Remedy Hospital,Hospital,18.5005568,73.9365077,3,OSM
Amit Hospital,Hospital,18.5463494,73.8880362,3,OSM
"Kaushal Hospital, Pune",Hospital,18.6186926,73.7992403,3,OSM
"Purandare Hospital, Pune",Hospital,18.5022916,73.8586646,3,OSM
Pramodini Urology Foundation,Hospital,18.5199125,73.8410217,3,OSM
Harsh Hospital,Hospital,18.4802908,73.8662057,3,OSM
Shraddha Hospital,Hospital,18.5019482,73.9315805,3,OSM
Salunke Hospital,Hospital,18.5585931,73.9273694,3,OSM
Moolanis Eye Care Centre,Hospital,18.5057737,73.8783494,3,OSM
Gokhale Hospital,Hospital,18.502172,73.857062,3,OSM
"Sushrut Hospital, Chinchwad",Hospital,18.6283685,73.8129256,3,OSM
Wankhede Hospital,Hospital,18.4724656,73.8888207,3,OSM
Pune Fertility Center,Hospital,18.5287757,73.8479868,3,OSM
Jagtap Hospital,Hospital,18.4774187,73.8237825,3,OSM
Joshi Hospital,Hospital,18.5171772,73.8332118,3,OSM
"Lifeline Hospital, Pune",Hospital,18.5875463,73.8625391,3,OSM
Dr Patwardhan Hospital,Hospital,18.4573697,73.8507923,3,OSM
Sainath Orthopaedic Hospital,Hospital,18.6182834,73.8028754,3,OSM
Shri Samarth Hospital,Hospital,18.5180616,73.865867,3,OSM
Mai Mangeshkar Hospital,Hospital,18.4851843,73.7997318,3,OSM
Kamal Netra Rugnalaya,Hospital,18.4949914,73.81219,3,OSM
Kulkarni Hospital and Diagnostic Centre,Hospital,18.4851967,73.8092832,3,OSM
Khares Eye Institute,Hospital,18.5145168,73.8317379,3,OSM
Dr Chavans Fracture and Orthopaedic Center,Hospital,18.4785979,73.8238536,3,OSM
Gultekdi Nursing and Maternity Home,Hospital,18.4926804,73.8685472,3,OSM
Agarwal Maternity and General Hospital,Hospital,18.5588804,73.931217,3,OSM
Ashakiran Hospital,Hospital,18.5158253,73.8474959,3,OSM
Sant Dnyaneswar Medical Education Research Centre,Hospital,18.5137805,73.8476971,3,OSM
Kohakade Hospital,Hospital,18.5628578,73.9320606,3,OSM
Dr. Karve Childrens Hospital,Hospital,18.5252254,73.8499763,3,OSM
Yashashree Maternity and Nursing Home,Hospital,18.4886651,73.8502412,3,OSM
New Life Children Hospital,Hospital,18.6146396,73.7856428,3,OSM
Vinayak Netralaya - Pune,Hospital,18.5105851,73.817981,3,OSM
Seva Hospital,Hospital,18.5748353,73.8277468,3,OSM
Mams Sumatibhai Shah Ayurved Mahavidyalayas,Hospital,18.5035837,73.9387286,3,OSM
Abane Hospital,Hospital,18.4994516,73.9377093,3,OSM
Rahel Hospital,Hospital,18.5152906,73.8754553,3,OSM
Nachiket Hospital Pvt Ltd,Hospital,18.5076864,73.831062,3,OSM
Sai Shree Orthopaedic Super Speciality and Joint Replacement Centre,Hospital,18.5601581,73.8052712,3,OSM
Shahade Hospital,Hospital,18.4978682,73.8537562,3,OSM
Dada Laser Eye Institute,Hospital,18.5109382,73.8799037,3,OSM
Dr.Prakash Katariya Laser Cure,Hospital,18.5223591,73.8441311,3,OSM
"Siddharth Hospital, Pune",Hospital,18.4900578,73.8684641,3,OSM
Anjali Hospital,Hospital,18.6200124,73.8010407,3,OSM
Dr.Purohit Nursing Home,Hospital,18.490344,73.8443121,3,OSM
"Pooja Hospital, Pune",Hospital,18.5891781,73.8190953,3,OSM
Sahyadri Hospital Hadapsar,Hospital,18.5031602,73.9321491,3,OSM
Siddhi Hospital and Laproscopy Centre Pvt Ltd,Hospital,18.464116,73.859008,3,OSM
Nande Hospital,Hospital,18.5011902,73.9383772,3,OSM
PBMA's H V Desai Eye Hospital,Hospital,18.4722952,73.9237216,3,OSM
"Phoenix Hospital, Pune",Hospital,18.6047183,73.7761981,3,OSM
Suraj Hospital,Hospital,18.4814034,73.8724713,3,OSM
Moraya Hospital,Hospital,18.5821441,73.8283718,3,OSM
Desai Hospital,Hospital,18.6337676,73.8493024,3,OSM
"Mohintara Hospital, Hadapsar",Hospital,18.5008462,73.9305311,3,OSM
Chinchanikar Hospital,Hospital,18.4785438,73.8235485,3,OSM
"Chaitanya Hospital, Bhaghirathi Nagar",Hospital,18.4778296,73.7977711,3,OSM
Dr Sarawat Memorial Hospital,Hospital,18.4705427,73.8878018,3,OSM
"Anand Hospital, Bhosari",Hospital,18.621807,73.8514093,3,OSM
Vinod Memorial Multispeciality Hospital,Hospital,18.5732119,73.8774723,3,OSM
Medlife Multispeciality Hospital and Icu,Hospital,18.6191718,73.7912714,3,OSM
Om Hospital,Hospital,18.5292449,73.830716,3,OSM
Bagade Hospital For Women and Maternity Home,Hospital,18.5964845,73.8300374,3,OSM
Ruby Ailcare Superspeciality Cardiac Care Centre,Hospital,18.6214797,73.8208455,3,OSM
Pune Adventist Hospital;advantist hospital,Hospital,18.491944,73.8710202,3,OSM
Mahajan Hospital,Hospital,18.4840672,73.857003,3,OSM
Om Prasuti Graha,Hospital,18.5470843,73.8885243,3,OSM
"Shreenath Hospital, Pune",Hospital,18.5211129,73.906766,3,OSM
Subodh Hospital,Hospital,18.5035234,73.8137605,3,OSM
"Pai Hospital, Pune",Hospital,18.4689649,73.8572026,3,OSM
Chinmay Institute Of Paediatrics,Hospital,18.5083289,73.8457009,3,OSM
Patil Hospital - Pune,Hospital,18.4797674,73.8251685,3,OSM
Paras Polyclinic and General Hospital,Hospital,18.6436414,73.7710556,3,OSM
Shree.J.Hospital,Hospital,18.4653028,73.864194,3,OSM
Pataskar Hospital,Hospital,18.6460596,73.8499998,3,OSM
Paranjpe Eye Clinic and Eye Surgery Centre,Hospital,18.5183547,73.8404001,3,OSM
Ushakiran Eye Hospital,Hospital,18.6133992,73.7664382,3,OSM
Aai Maternity Hospital and Nursing Home,Hospital,18.6175138,73.8492092,3,OSM
K. K. Hospital - Pune,Hospital,18.5626283,73.938176,3,OSM
Ace Hospital,Hospital,18.504933,73.8303593,3,OSM
Jeewan Jyot Multispeciality Medical Care Center,Hospital,18.5569451,73.9074788,3,OSM
Pooja Hospital,Hospital,18.5023551,73.9288205,3,OSM
Chandra Hospital,Hospital,18.4522084,73.890656,3,OSM
Vaibhavi Hospital,Hospital,18.4994249,73.9469039,3,OSM
"Ankur Hospital, Shivaji Nagar",Hospital,18.6062334,73.7729748,3,OSM
Saidham Hospital,Hospital,18.6195467,73.8433908,3,OSM
Global Hospital & Research Institute,Hospital,18.5013237,73.8410144,3,OSM
"Lokmanya Hospital, Pune",Hospital,18.5089079,73.834105,3,OSM
Sai Sneh Hospital and Diagnostic Centre Pvt Ltd,Hospital,18.4465478,73.8597831,3,OSM
"Kabre Orthopedic, Spine and Dental Centre",Hospital,18.6490413,73.8076058,3,OSM
"Chavan hospital, Pune",Hospital,18.6332402,73.8167819,3,OSM
Padam.Dr.D.Y.Patil Hospital and Research Centre,Hospital,18.6240215,73.8212612,3,OSM
Lohade Hospital,Hospital,18.6405777,73.7945558,3,OSM
"Lodha Hospital, Pune",Hospital,18.4833651,73.8004071,3,OSM
"Adarsh Hospital, Pune",Hospital,18.4541274,73.8881166,3,OSM
Dhanwantari Hospital,Hospital,18.5194471,73.8658999,3,OSM
Pungliya Hospital,Hospital,18.5226796,73.8508487,3,OSM
B.J.Medical College and Sassoon Hospital,Hospital,18.526235,73.871161,3,OSM
Karne Hospital Pvt Ltd,Hospital,18.4954696,73.8583709,3,OSM
Vibhute Hospital,Hospital,18.5040492,73.8518391,3,OSM
Mankikar Hospital For Children and Lab,Hospital,18.6186189,73.8495646,3,OSM
Unique Childrens Hospital,Hospital,18.6388704,73.7943419,3,OSM
Yash Hospital - V.K. Medical Foundation,Hospital,18.5103392,73.9380687,3,OSM
Kulkarni Endo Surgery Institute and Reconstructive Urology Centre,Hospital,18.5097841,73.8029893,3,OSM
Om Shree Swami Samarth Hospital,Hospital,18.6345339,73.7791827,3,OSM
Vinnayak Hospital,Hospital,18.4854879,73.8717458,3,OSM
Dr Makan Surgical Maternity and Accident Hospital,Hospital,18.5756743,73.8196734,3,OSM
"Global Multi Speciality Hospital, Pune",Hospital,18.6026821,73.7772542,3,OSM
Shah Hospital,Hospital,18.5486475,73.8893055,3,OSM
Prathmesh Hospital,Hospital,18.5518547,73.9368054,3,OSM
Pune City Eye Hospital,Hospital,18.5298629,73.8760869,3,OSM
Talesara Hospital,Hospital,18.5498719,73.8887711,3,OSM
Borse Nursing Home,Hospital,18.5093803,73.7901476,3,OSM
"Shree Krupa Hospital, Pune",Hospital,18.6243518,73.7864814,3,OSM
Deodhar Eye Hospital,Hospital,18.5114494,73.836472,3,OSM
"Om Hospital, Bavdhan",Hospital,18.5164841,73.7818475,3,OSM
Godbole Hospital,Hospital,18.5112078,73.8513154,3,OSM
Sanjeevani Hospital,Hospital,18.4626294,73.7748331,3,OSM
Kataria Hospital,Hospital,18.5456309,73.8862083,3,OSM
"Ashwini Hospital, Pune",Hospital,18.6436421,73.7732088,3,OSM
Dr.Pawar Eye Hospital,Hospital,18.5092716,73.8449264,3,OSM
National Institute Of Ophthalmology,Hospital,18.5596864,73.8148253,3,OSM
Nm Wadia Institute Of Cardiology,Hospital,18.5307444,73.8771894,3,OSM
Bhakti Hospital,Hospital,18.5851041,73.819735,3,OSM
"Pritam Hospital, Pune",Hospital,18.617531,73.8500802,3,OSM
Sane Guruji Arogya Kendra,Hospital,18.503632,73.9381224,3,OSM
Bhandari Maternity and Nursing Home,Hospital,18.4777164,73.8234164,3,OSM
"Samarth Hospital, Pune",Hospital,18.5195234,73.862059,3,OSM
Amai Charitable Trust Institute Of Urology,Hospital,18.5550536,73.8162401,3,OSM
Z Y - Vision,Hospital,18.5247371,73.8408494,3,OSM
"Shreeyash Hospital, Pune",Hospital,18.5155666,73.8418673,3,OSM
Dr. Todkar Hospital,Hospital,18.5229518,73.8639473,3,OSM
Khenat Hospital and Maternity Home,Hospital,18.4891281,73.8138248,3,OSM
Manoj Clinic / Gore Hospital,Hospital,18.5117788,73.8487867,3,OSM
"Om Hospital, Pune",Hospital,18.6167297,73.8737755,3,OSM
Pharande Eye Hospital,Hospital,18.4777316,73.8239729,3,OSM
Vishwaniranjan Eye Hospital,Hospital,18.5113846,73.8458276,3,OSM
Dhanvantary Hospital,Hospital,18.5728934,73.8249265,3,OSM
Shree Nursing and Maternity Home,Hospital,18.4845772,73.8159759,3,OSM
Burute Hospital,Hospital,18.6188706,73.8497047,3,OSM
"Ram Krishna Hospital, Pune",Hospital,18.5092455,73.8483354,3,OSM
Shatayu Hospital,Hospital,18.4664871,73.857691,3,OSM
Sanjeevan Maternity and Surgical Hospital,Hospital,18.5593966,73.8025528,3,OSM
Serene Hospital Pvt Ltd,Hospital,18.5697941,73.8818973,3,OSM
Polaris Health Care,Hospital,18.5994905,73.7636078,3,OSM
Deshpande Hospital,Hospital,18.5049909,73.9022358,3,OSM
Centre For Laproscopy Surgery,Hospital,18.5207937,73.8452496,3,OSM
Kawedia Hospital,Hospital,18.5070645,73.8782608,3,OSM
Chaitanya Hospital,Hospital,18.6293451,73.7809946,3,OSM
Ashirwad Hospital,Hospital,18.5934583,73.7387454,3,OSM
Prem Clinic and Hospital,Hospital,18.6335515,73.8057742,3,OSM
Om Shakti Chaya Hospital - Rsby,Hospital,18.4685007,73.920515,3,OSM
Ambekar Hospital,Hospital,18.5054055,73.817541,3,OSM
Kamaladevi Maternity Hospital & Research Home,Hospital,18.467118,73.8190001,3,OSM
Harijivan Hospital,Hospital,18.5001435,73.8542376,3,OSM
Nityaseva Eye Hsopital and Eye Bank,Hospital,18.575223,73.8173626,3,OSM
Dugad Hospital Pvt Ltd,Hospital,18.4909481,73.8580129,3,OSM
Dhanvantari Hospital,Hospital,18.5004494,73.9360535,3,OSM
Agrawal Hospital,Hospital,18.4891931,73.8140419,3,OSM
Inaam General Hospital,Hospital,18.5618595,73.892592,3,OSM
Aditya Eye Hospital & Lasik Centre,Hospital,18.560232,73.8953506,3,OSM
Sahyadri Super Speciality Hospital,Hospital,18.5543086,73.8971383,3,OSM
Rutu Anand Hospital,Hospital,18.56295,73.8942307,3,OSM
Freedom Fighter Gangaram Karne Hospital,Hospital,18.5565024,73.8972835,3,OSM
Chatrapati Shivray Hospital PMC Pune,Hospital,18.5623853,73.8965795,3,OSM
Shree Hospital,Hospital,18.5533588,73.8989792,3,OSM
Neney's Hospital,Hospital,18.5536181,73.899622,3,OSM
PMC ARMED FORCE MEDICAL COLLEGE(AFMC),Hospital,18.503916,73.890117,3,OSM
Bharati Vidyapeeth Dental College and Hospital,Hospital,18.457239,73.855026,3,OSM
Arvind Ganpat Bartakke Dawakhana Atulnagar,Hospital,18.48356,73.792632,3,OSM
Murlidhar Pandurang Laigude Hospital,Hospital,18.4623918,73.804957,3,OSM
Late Anandibai Narhar Gadgil Hospital,Hospital,18.5024088,73.8386813,3,OSM
PCMC-Yashwantrao Chavan Memorial Hospital,Hospital,18.6218172,73.8211251,3,OSM
Sutika Seva Mandir,Hospital,18.513913,73.846551,3,OSM
PCMC-Akurdi Hospital,Hospital,18.649885,73.781999,3,OSM
PMC Sangamnerkar Hospital (N. G. O.),Hospital,18.561134,73.921412,3,OSM
Chris Rock Edward Paul Hospital,Hospital,18.5770661,73.8990724,3,OSM
"PCMC-Talera Hospital, Chinchwad",Hospital,18.626544,73.784354,3,OSM
Sasoon Hospital,Hospital,18.521872,73.873118,3,OSM
PCMC-Bhosari Hospital,Hospital,18.620365,73.847955,3,OSM
Dr Bhore's Mother & Child Clinic,Hospital,18.5977182,73.9028326,3,OSM
CT Nursing Home,Hospital,18.596865,73.9001514,3,OSM
"FPA , Kothrud",Hospital,18.506552,73.7886402,3,OSM
Colony Nursing Home,Hospital,18.5030769,73.8446917,3,OSM
Vaibhav Hospital,Hospital,18.5490315,73.8887874,3,OSM
Sathe Hospital,Hospital,18.6040867,73.9153855,3,OSM
Gupte Hospital Extension Clinic,Hospital,18.557773,73.793639,3,OSM
Hinjawadi Hospital,Hospital,18.5950742,73.7350569,3,OSM
Gauri Hospital,Hospital,18.624263,73.85793,3,OSM
Dhanwantari Hospital,Hospital,18.5593096,73.7895512,3,OSM
Bora Hospital,Hospital,18.5828476,73.8122787,3,OSM
Shivam Hospital,Hospital,18.500617,73.9364994,3,OSM
ESIC Hospital,Hospital,18.6445126,73.7958922,3,OSM
Saijyoti Hospital & ICU,Hospital,18.6138321,73.7632889,3,OSM
Kamal Hospital,Hospital,18.494483,73.902522,3,OSM
Manas Hospital,Hospital,18.449772,73.837835,3,OSM
Prime Multispeciality Hospital,Hospital,18.5535131,73.7537866,3,OSM
Goodwill Icon Hospital,Hospital,18.5537182,73.9395977,3,OSM
Orchid Speciality Hospital,Hospital,18.6005779,73.9096039,3,OSM
Golden Care Hospital,Hospital,18.6020756,73.7476511,3,OSM
Shree Sai Prasad Hospital,Hospital,18.4495732,73.8484382,3,OSM
Petals Hospital,Hospital,18.5492968,73.8888427,3,OSM
Dr. Agarwals Eye Hospital,Hospital,18.5535506,73.80838,3,OSM
Shwas Multispeciality Hospital,Hospital,18.4468202,73.8373703,3,OSM
Mauli Hospital,Hospital,18.6245425,73.8577616,3,OSM
Londhe Hospital,Hospital,18.4768406,73.9257973,3,OSM
Snehbandh Multispeciality Hospital,Hospital,18.5806656,73.8307214,3,OSM
N. M. Wadia Hospital,Hospital,18.530716,73.876952,3,OSM
Shahu Hospital,Hospital,18.4820937,73.8993556,3,OSM
Mayureshwar Multispeciality Hospital,Hospital,18.4488442,73.832632,3,OSM
Dr. Shraddha Angal,Hospital,18.540958,73.829755,3,OSM
Nanal Hospital,Hospital,18.6248618,73.8026145,3,OSM
Ayushree Hospital,Hospital,18.6130394,73.7141648,3,OSM
Omkar Children Hospital,Hospital,18.4890478,73.9498267,3,OSM
Giridhar Hospital,Hospital,18.448229,73.83316,3,OSM
Noble Hospital,Hospital,18.5035846,73.9273481,3,OSM
Global chemist,Hospital,18.6143742,73.7657379,3,OSM
PCIP Hospital,Hospital,18.624903,73.803616,3,OSM
New Command Hospital,Hospital,18.4956457,73.884521,3,OSM
Sushrusha Hospital,Hospital,18.483917,73.939737,3,OSM
Aditya Hospital,Hospital,18.586342,73.813735,3,OSM
Serene Hospital,Hospital,18.569842,73.8823303,3,OSM
Sanjeevani Hospital,Hospital,18.5914168,73.7395295,3,OSM
Chaitanya General Hospital,Hospital,18.519983,73.9067768,3,OSM
Dharmadhikari Hospital,Hospital,18.5015481,73.9357865,3,OSM
Dinkar Hospital,Hospital,18.4869268,73.9421209,3,OSM
Pagare Hospital,Hospital,18.5889738,73.8165592,3,OSM
Shree Hospital,Hospital,18.5515015,73.9411724,3,OSM
Dr. Babasaheb Ambedkar Cantonment General Hospital,Hospital,18.5687508,73.8486366,3,OSM
Life Care Multispecality Hospital,Hospital,18.4879916,73.9389363,3,OSM
Sadhana Hospital,Hospital,18.488725,73.949843,3,OSM
Bhakare Super Speciality Hospital,Hospital,18.448115,73.849133,3,OSM
Kasturba General Hospital,Hospital,18.5725401,73.8815063,3,OSM
Sudarshan Hospital,Hospital,18.588825,73.817373,3,OSM
Vinayak Hospital,Hospital,18.5684211,73.8797365,3,OSM
Shree Anand Memorial Hospital,Hospital,18.6158378,73.7703502,3,OSM
Aadhar Hospital,Hospital,18.4756744,73.931237,3,OSM
Max Neuro Hospital,Hospital,18.5984676,73.8285109,3,OSM
"Manipal Hospital, Pune",Hospital,18.5409242,73.935679,3,OSM
Ayodhya Trust General Hospital,Hospital,18.49253,73.9037686,3,OSM
Chordiya Nursing Home,Hospital,18.4581135,73.8781846,3,OSM
Anup Hospital,Hospital,18.498738,73.838315,3,OSM
Apex Superspeciality Hospital,Hospital,18.5075984,73.8439447,3,OSM
Date Hospital,Hospital,18.51024,73.8522294,3,OSM
Morya General Hospital,Hospital,18.5147901,73.8484343,3,OSM
Suman Hospital,Hospital,18.492348,73.853457,3,OSM
Lifeline Hospital,Hospital,18.4723283,73.8923643,3,OSM
Sabane Hospital,Hospital,18.5107027,73.8434338,3,OSM
Kamat Hospital,Hospital,18.512445,73.869389,3,OSM
Bindu Madhav Thakarey Hospital,Hospital,18.496127,73.817109,3,OSM
National Hospital,Hospital,18.4714238,73.8887261,3,OSM
Meenatai Thakre Maternity Home,Hospital,18.47396,73.889134,3,OSM
Bhagirathi Children's Hospital,Hospital,18.4947224,73.8229041,3,OSM
Vishranti Hospital,Hospital,18.5086317,73.8744506,3,OSM
Matru Seva Hospital;Pacharne Hospital,Hospital,18.516314,73.871996,3,OSM
Shraddha Hospital,Hospital,18.4909252,73.845933,3,OSM
Purohit Hospital,Hospital,18.4975587,73.8513176,3,OSM
Prerna Hospital,Hospital,18.4553105,73.8690108,3,OSM
Bapat Hospital,Hospital,18.530365,73.842063,3,OSM
Shivneri Hospital,Hospital,18.449571,73.85723,3,OSM
New Pune Hospital,Hospital,18.470806,73.888399,3,OSM
Kothari Orthopaedic Hospital,Hospital,18.4891725,73.8571698,3,OSM
Kalyani Hospital,Hospital,18.5046645,73.8592129,3,OSM
Kumbhare Hospital,Hospital,18.5218011,73.8622355,3,OSM
योगेश हॉस्पिटल,Hospital,18.510438,73.847875,3,OSM
Sai Samarth Hospital,Hospital,18.5231039,73.8681573,3,OSM
Dr. Baba Saheb Ambedkar Hospital;dr baba saheb ambedkar hospital,Hospital,18.4962994,73.8702072,3,OSM
Todkar Hospital,Hospital,18.5107128,73.8660862,3,OSM
Shaishav Children's Hospital,Hospital,18.5137927,73.8476204,3,OSM
Suyash Hospital,Hospital,18.5001862,73.8124022,3,OSM
Moraya Nursing Home,Hospital,18.4472895,73.8662836,3,OSM
Swanand Maternity Hospital,Hospital,18.5297435,73.8339823,3,OSM
City Hospital,Hospital,18.5071504,73.7997343,3,OSM
Parasnis Hospital,Hospital,18.474694,73.858715,3,OSM
Shintre Hospital,Hospital,18.5122403,73.8499324,3,OSM
Alliance Munot Hospital;munot hospital,Hospital,18.5025447,73.8686993,3,OSM
Kalavati Mavale Hospital,Hospital,18.5150421,73.8464127,3,OSM
Jeevandhara Multispeciality Hospital,Hospital,18.4491259,73.8577679,3,OSM
ASG Eye Hospital,Hospital,18.528932,73.8436351,3,OSM
Rode Hospital,Hospital,18.5091812,73.8149589,3,OSM
Mantri Hospital,Hospital,18.505204,73.834167,3,OSM
Kering Hospital;kering clinic,Hospital,18.5029885,73.8682087,3,OSM
Siddhivinayak Hospital,Hospital,18.4559009,73.8709944,3,OSM
Kirad Hospital,Hospital,18.5143478,73.868913,3,OSM
Chajed Hospital,Hospital,18.50451,73.8628189,3,OSM
KEM Hospital,Hospital,18.5200596,73.8669776,3,OSM
Hope Hospital,Hospital,18.5126915,73.869516,3,OSM
David Sassoon Hospital,Hospital,18.525279,73.870499,3,OSM
MJM Hospital,Hospital,18.5245059,73.8438216,3,OSM
Chavan Hospital,Hospital,18.502202,73.8584592,3,OSM
dental health care,Hospital,18.5062067,73.8625971,3,OSM
ARCUS HOSPITAL,Hospital,18.4889132,73.8990842,3,OSM
Sai Allergy asthma Eye Children Hospital,Hospital,18.4852917,73.8514295,3,OSM
Sathe Multispeciality Hospital,Hospital,18.5067869,73.8037337,3,OSM
"Facethetics - Dental, Facial Cosmetics(BOTOX), & Hair Transplant Clinique",Hospital,18.5136297,73.8285827,3,OSM
DR PATIL'S FACE DENTAL HOSPITAL,Hospital,18.6284608,73.7801267,3,OSM
Unknown Hospital,Hospital,18.5759709,73.8258994,3,OSM
Shree Hospital,Hospital,18.5664237,73.8144112,3,OSM
Karan Hospital,Hospital,18.5836745,73.8846483,3,OSM
Ordnance Factory Hospital,Hospital,18.5607785,73.8444489,3,OSM
Morya Multispeciality Hospital,Hospital,18.4643898,73.8153134,3,OSM
Matoshri Ramabai Ambedkar Prasutigriha,Hospital,18.502785,73.8500051,3,OSM
Savitribai Phule Meternity Home,Hospital,18.5048618,73.8611993,3,OSM
Premchand Oswal Hospital,Hospital,18.4677248,73.8683031,3,OSM
"Janata Hospital ,Pune",Hospital,18.4993855,73.8470078,3,OSM
"Government Hospital, Dhankawadi",Hospital,18.4652208,73.8495579,3,OSM
Vasant More Hospital,Hospital,18.4533972,73.8698521,3,OSM
Brahm Chaitanya Hospital,Hospital,18.6342441,73.7885624,3,OSM
Hazrat Maulana Yunus Sahab Rahmatullah Alaih Dawakhana,Hospital,18.4482157,73.856594,3,OSM
G B Indumati Manilal Khanna Hospital,Hospital,18.4925761,73.8665946,3,OSM
Varadvinayak Children and Eye Hospital,Hospital,18.4934295,73.9315228,3,OSM
Ojas Multispeciality Hospital,Hospital,18.6432539,73.7546177,3,OSM
Rising Medicare Hospital,Hospital,18.5537402,73.9393307,3,OSM
Om Hospital,Hospital,18.6241345,73.8545347,3,OSM
Late Pruthak Barate Hospital,Hospital,18.4753187,73.7975854,3,OSM
Sanjeevan Hospital,Hospital,18.6240914,73.8538715,3,OSM
Apollo Spectra Hospitals,Hospital,18.5029796,73.8520221,3,OSM
Life Line Hospital,Hospital,18.6342365,73.8492487,3,OSM
Jeevanjyoti Hospital,Hospital,18.6048925,73.7785403,3,OSM
city hospiyal,Hospital,18.4713114,73.8878684,3,OSM
Om Hospital in Pune,Hospital,18.4747094,73.8844764,3,OSM
Sai Shradha Health Care Centre,Hospital,18.6001094,73.9096618,3,OSM
Chellaram Hospital,Hospital,18.5196786,73.769934,3,OSM
Om Childrens Clinic,Hospital,18.597536,73.9088733,3,OSM
Thite Multispeciality Hospital,Hospital,18.5629303,73.9400147,3,OSM
Metropolis Healthcare Ltd,Hospital,18.5078453,73.8265103,3,OSM
Shree laxmi Hospital,Hospital,18.5503243,73.9372721,3,OSM
Joshi Hospital,Hospital,18.5178773,73.842284,3,OSM
Ruby Hall,Hospital,18.5334658,73.8769727,3,OSM
Benecare Superspeciality Hospital,Hospital,18.5639725,73.777019,3,OSM
Tirupati Hospital,Hospital,18.5167814,73.774807,3,OSM
Patil Eye Hospital,Hospital,18.646076,73.8499688,3,OSM
Symbiosis University Hospital & Research Centre,Hospital,18.5389496,73.7279701,3,OSM
Mule Hospital and Chikitsalay diagnostics,Hospital,18.5867313,73.7809817,3,OSM
Little miracle childrens hospital,Hospital,18.5945809,73.7687807,3,OSM
Manipal Hospital,Hospital,18.5663598,73.7695757,3,OSM
Aashirwad Hospital,Hospital,18.479729,73.8282621,3,OSM
Care lifeline hospital,Hospital,18.611843,73.7836895,3,OSM
साईकृपा रुग्णालय,Hospital,18.611978,73.7838011,3,OSM
Todkar Hospital,Hospital,18.5107733,73.8660853,3,OSM
Modern Hospital,Hospital,18.5157161,73.8688388,3,OSM
mothercare hospital,Hospital,18.4873135,73.8761077,3,OSM
metro advanced homeopathy clinic,Hospital,18.4864264,73.8740424,3,OSM
suraj hospital,Hospital,18.4814426,73.872471,3,OSM
anvi ENT and thyroid clinic,Hospital,18.4840027,73.8716266,3,OSM
sharda clinic,Hospital,18.5012435,73.8663445,3,OSM
immunology and rheumatology clinic,Hospital,18.4958983,73.8886709,3,OSM
sahyadri hospital,Hospital,18.4781663,73.8621023,3,OSM
harsh hospital,Hospital,18.4803051,73.8661942,3,OSM
apollo clinic,Hospital,18.5644671,73.9139265,3,OSM
bhagali clinic and nursing home,Hospital,18.474674,73.8580682,3,OSM
sayar hospital,Hospital,18.4734893,73.8626065,3,OSM
isshan orthopedic hospital,Hospital,18.4728083,73.8631451,3,OSM
dr kashyab nursing home,Hospital,18.4705573,73.8643492,3,OSM
Unknown Hospital,Hospital,18.4705532,73.8632764,3,OSM
Bora Hospital,Hospital,18.5104549,73.8639446,3,OSM
kedari Hospital,Hospital,18.5152955,73.8754518,3,OSM
Panchsheel Hospital,Hospital,18.5140768,73.8692464,3,OSM
Sardar Patel Genral Hospital,Hospital,18.5027364,73.8771188,3,OSM
Allice Munot Hospital,Hospital,18.5025502,73.8686991,3,OSM
Kering Hospital,Hospital,18.5030034,73.8681299,3,OSM
G.M Babubbhai Memo Hospital,Hospital,18.508112,73.8751436,3,OSM
Military Hospital,Hospital,18.4924252,73.8823382,3,OSM
CHandralok Hospital,Hospital,18.4803326,73.8610219,3,OSM
Sangam Hospital,Hospital,18.4757475,73.857877,3,OSM
Oyster and Pearl Hospital,Hospital,18.5318931,73.8472769,3,OSM
Ghaisas ENT Hospital,Hospital,18.5172397,73.8423562,3,OSM
Phadke Hospital,Hospital,18.5183149,73.843879,3,OSM
Seth Tarachand Hospital,Hospital,18.5177725,73.864031,3,OSM
Shre Samarth Hospital,Hospital,18.5180497,73.8658612,3,OSM
Ruby Hall Clinic,Hospital,18.5327841,73.8773654,3,OSM
Red blood hospital,Hospital,18.5273893,73.8710163,3,OSM
Nityashraddha super speciality hospital,Hospital,18.5278495,73.8760898,3,OSM
N. M. Wadia Institute of Cardiology,Hospital,18.5307461,73.8771922,3,OSM
WEST VALLEY MULTISPECIALITY HOSPITAL PVT LTD,Hospital,18.5351432,73.8765318,3,OSM
Kawediya Hospital,Hospital,18.5242312,73.8627099,3,OSM
Unique Hospital,Hospital,18.5221641,73.8676777,3,OSM
Sadhu Vaswani Missions Medical Complex,Hospital,18.5347719,73.8874441,3,OSM
Poona Hospital and Research Centre,Hospital,18.510644,73.8420437,3,OSM
DEENDAYAL MEMORIAL HOSPITAL,Hospital,18.5249802,73.8411721,3,OSM
KAMLA NEHRU HOSPITAL,Hospital,18.5229428,73.8620344,3,OSM
GLOBAL HOSPITAL & RESEARCH,Hospital,18.5012869,73.8410045,3,OSM
RANKA HOSPITAL,Hospital,18.4949578,73.8619001,3,OSM
Prayag Hospital,Hospital,18.5174841,73.842789,3,OSM
PUNE ADVENTIST HOSPITAL,Hospital,18.491946,73.8709604,3,OSM
HARIJIVAN HOSPITAL,Hospital,18.5001316,73.8543108,3,OSM
lokmanya hospital,Hospital,18.6373267,73.7903342,3,OSM
lokmanya hospital,Hospital,18.6337814,73.8032159,3,OSM
hospital26,Hospital,18.5583938,73.9309874,3,OSM
Unknown Hospital,Hospital,18.5655036,73.9468456,3,OSM
Shashwat Hospital,Hospital,18.4944973,73.8135873,3,OSM
Chavan Hospital,Hospital,18.459162,73.8254504,3,OSM
Lakshya cancer hospital,Hospital,18.6025763,73.7773987,3,OSM
Accord hospital,Hospital,18.6481462,73.8498404,3,OSM
Global hospital and research center,Hospital,18.6464468,73.7571643,3,OSM
Dr Mhaske Hospital and Research Centre Pvt Ltd,Hospital,18.500696,73.9415815,3,OSM
Vaibhav Nursing Home,Hospital,18.5875992,73.8871753,3,OSM
Alpha hospital,Hospital,18.5984803,73.7640386,3,OSM
Ingale Hospital,Hospital,18.6145416,73.7855399,3,OSM
Care Hospital,Hospital,18.4645854,73.8906932,3,OSM
Unknown Hospital,Hospital,18.5071972,73.7947857,3,OSM
Unknown Hospital,Hospital,18.6084525,73.7772728,3,OSM
Orion hospital,Hospital,18.6001101,73.7634111,3,OSM
Nakshatra eye hospital,Hospital,18.5999218,73.7634297,3,OSM
Shree hospital,Hospital,18.5920933,73.7379885,3,OSM
Shatayu Hospital Hinjewadi,Hospital,18.5958868,73.7408138,3,OSM
Emcure Pharmaceuticals Limited,Hospital,18.5951164,73.7126552,3,OSM
LifeTree Hospital Hinjawadi,Hospital,18.5915925,73.7435469,3,OSM
Marunji Hospital,Hospital,18.6125561,73.7165025,3,OSM
Yashoda Children and Maternity Hospital (Pediatrician and Gynaecologist),Hospital,18.611846,73.7171417,3,OSM
Dr. Satra's Dental Clinic,Hospital,18.5998927,73.8158263,3,OSM
Khare Dental Clinic,Hospital,18.6001927,73.8177383,3,OSM
Ashtavinayak Dental Clinic,Hospital,18.5985006,73.8161559,3,OSM
Datacha Dawakhana,Hospital,18.5982284,73.816064,3,OSM
SANJIVANI HOSPITAL,Hospital,18.5954785,73.8164532,3,OSM
घनवट हॉस्पिटल,Hospital,18.595659,73.8163512,3,OSM
Shri Hospital,Hospital,18.5969714,73.8152038,3,OSM
Unknown Hospital,Hospital,18.5498595,73.8720836,3,OSM
Kand Clinic,Hospital,18.6033572,73.8244802,3,OSM
PCMC Hospital,Hospital,18.6023463,73.8251725,3,OSM
"Ruby Hall Clinic, Hinjawadi, Pune",Hospital,18.5924771,73.733877,3,OSM
Chirayu hospital,Hospital,18.5981183,73.7639672,3,OSM
ASG eye hospital,Hospital,18.5967134,73.7904165,3,OSM
White Shine Multispeciality Dental Clinic,Hospital,18.5755375,73.9069211,3,OSM
JaiHind Hospital,Hospital,18.6237191,73.851652,3,OSM
Astha Hospital,Hospital,18.6392794,73.7911307,3,OSM
Satav pathology Laboratory,Hospital,18.6366048,73.790488,3,OSM
test hospital,Hospital,18.5255793,73.8539506,3,OSM
Pharmacy,Hospital,18.5348935,73.9448236,3,OSM
Jeevan Uday Multispeciality Hospital,Hospital,18.4429741,73.7807861,3,OSM
Racemous Polyclinics,Hospital,18.5208921,73.9329095,3,OSM
Flora Hospital,Hospital,18.6466536,73.7549099,3,OSM
lonkar,Hospital,18.5294468,73.9364213,3,OSM
elite hospital,Hospital,18.5576766,73.7712894,3,OSM
patil hospital,Hospital,18.4475111,73.8488292,3,OSM
Prism Dental and Medical Clinic,Hospital,18.5233466,73.9333741,3,OSM
Sant Hospital,Hospital,18.5426961,73.9244404,3,OSM
Construction Site,Hospital,18.5829125,73.8068621,3,OSM
Capital Hospital,Hospital,18.5084717,73.793338,3,OSM
Dr. Rajendra Mehata Hospital,Hospital,18.5376938,73.8515302,3,OSM
PMC Health Center,Hospital,18.5524886,73.9371731,3,OSM
Vighanaharata Hospital,Hospital,18.4692892,73.8642415,3,OSM
Pulse Multispeciality Hospital,Hospital,18.4595051,73.8233094,3,OSM
sparsh hospital,Hospital,18.604663,73.7867792,3,OSM
Unknown Hospital,Hospital,18.5737851,73.7048284,3,OSM
Align Diagnostic & BoneCare Polyclinic,Hospital,18.5027108,73.817036,3,OSM
Dr. Bhupeshkumar Kaware,Hospital,18.563916,73.9186177,3,OSM
Abane Hospital,Hospital,18.5011847,73.9383338,3,OSM
Usha Urology & Andrology Clinic,Hospital,18.5958627,73.7891883,3,OSM
Dr. Abhijeet Karad,Hospital,18.6011876,73.7609645,3,OSM
Tiny Sparkles Dental Clinic | Multispeciality & Pediatric Dental Clinic,Hospital,18.521272,73.7741764,3,OSM
City Hospital,Hospital,18.5195788,73.8800262,3,OSM
city hospital,Hospital,18.6161398,73.8296208,3,OSM
Glaze Dental Clinic - Speciality Dental Clinic and Implant Centre,Hospital,18.5039723,73.9297032,3,OSM
MyGyne Clinic,Hospital,18.5082386,73.8221777,3,OSM
Unknown Hospital,Hospital,18.587546,73.8870768,3,OSM
Medicover Hospital,Hospital,18.6344258,73.8461038,3,OSM
Synergy Heart Institute,Hospital,18.5995293,73.7923998,3,OSM
Dr Abhinav Kesarwani Varicose Veins Specialist,Hospital,18.6325123,73.8015866,3,OSM
Bvmfs Bharti Hospital and Research Center,Hospital,18.4594241,73.8568236,3,OSM
Rajiv Gandhi Hospital,Hospital,18.5455762,73.8837641,3,OSM
Inamdar Hospital,Hospital,18.5031739,73.9000186,3,OSM
Deenanath Mangeshkar Hospital,Hospital,18.5020099,73.8328426,3,OSM
KEM Hospital,Hospital,18.5202519,73.8671205,3,OSM
Poona Hospital and Research Centre,Hospital,18.5106347,73.8419468,3,OSM
Kamla Nehru Hospital,Hospital,18.5229409,73.8621247,3,OSM
Sancheti Hospital,Hospital,18.5299514,73.8528812,3,OSM
Sahyadri Hospital,Hospital,18.5130465,73.839332,3,OSM
Deoyani Hospital,Hospital,18.4958863,73.8122815,3,OSM
Noble Hospital,Hospital,18.5049366,73.9271433,3,OSM
Ruby Hall Clinic,Hospital,18.4854318,73.9047103,3,OSM
Dr. Chame Hospital,Hospital,18.6038785,73.7904463,3,OSM
Jog Hospital,Hospital,18.5094272,73.8211666,3,OSM
Deendayal Memorial Hospital,Hospital,18.5249981,73.8410861,3,OSM
Oyster and Pearl Hospital Tulip,Hospital,18.5319107,73.8472733,3,OSM
Navalmal Firodiya Super-Speciality Hospital,Hospital,18.5170917,73.8330188,3,OSM
"Sanjeevan Hospital, Pune",Hospital,18.510153,73.8371083,3,OSM
Ratna Memorial Hospital,Hospital,18.5276604,73.8295155,3,OSM
PMC - Late. Jayabai Nanasaheb Sutar Maternity Home,Hospital,18.5036257,73.8076976,3,OSM
Hardikar Hospital,Hospital,18.530254,73.847541,3,OSM
Shashwat Hospital,Hospital,18.5597267,73.8028513,3,OSM
Jehangir Hospital,Hospital,18.5303811,73.8766572,3,OSM
Ankura Hospital,Hospital,18.5653971,73.8047303,3,OSM
Morya Hospital,Hospital,18.6274645,73.7819923,3,OSM
Dental College - DY Patil Vidyapeeth,Hospital,18.6244985,73.8228302,3,OSM
Helambe Hospital,Hospital,18.5897796,73.7520509,3,OSM
Matoshri Jijaai Clinic,Hospital,18.594101,73.7391092,3,OSM
Dr.Ranjeet Hospital,Hospital,18.5905216,73.7388887,3,OSM
Unknown Hospital,Hospital,18.5725172,73.8775563,3,OSM
Kodre Hospital,Hospital,18.5317166,73.9378623,3,OSM
ADITYA BIRLA MULTISPECIALITY HOSPITAL,Hospital,18.6081213,73.8008423,3,OSM
eshavari clinic,Hospital,18.5263062,73.8519014,3,OSM
skincare clinic,Hospital,18.4859046,73.8885861,3,OSM
Chandralok Hospital,Hospital,18.4803325,73.8610232,3,OSM
Annachatre Clinic,Hospital,18.4902121,73.8494687,3,OSM
Bhalerao Hospital,Hospital,18.6495039,73.7776817,3,OSM
Gold Rush Hospital,Hospital,18.550131,73.9372606,3,OSM
Joshi Multispeciality Hospital,Hospital,18.4468831,73.7999103,3,OSM
Bandal complex,Hospital,18.5072299,73.7947784,3,OSM
Kamat Hospital,Hospital,18.6297493,73.7802296,3,OSM
Sharad Hospital,Hospital,18.4684452,73.8189649,3,OSM
Dalvi Hospital,Hospital,18.5331448,73.8487703,3,OSM
"Inlaks and Budhrani Hospital,Sadhu Vaswani Mission's Medical Complex",Hospital,18.5350309,73.8873783,3,OSM
Naydu Rugnalay,Hospital,18.5313529,73.8690231,3,OSM
Jupiter Hospital,Hospital,18.565705,73.7859923,3,OSM
Dr Patil Ent Hospital,Hospital,18.6280866,73.8034772,3,OSM
Ruby Hospital,Hospital,18.5899062,73.863388,3,OSM
Unknown Hospital,Hospital,18.624225,73.8214375,3,OSM
Surya mother and child care super speciality Hospital,Hospital,18.5872647,73.7580719,3,OSM
Khinwsara Patil Hospital,Hospital,18.6068834,73.7684591,3,OSM
Aditya Birla Memorial Hospital,Hospital,18.6259753,73.7749966,3,OSM
Unknown Hospital,Hospital,18.5767203,73.8050444,3,OSM
थेरगाव रुग्णालय,Hospital,18.6135085,73.7814727,3,OSM
Global Hospital and Research Center,Hospital,18.6464415,73.7571549,3,OSM
Shatayu Hospital Hinjawadi,Hospital,18.5958537,73.7408967,3,OSM
Ruby hall Clinic,Hospital,18.5925514,73.7341234,3,OSM
Cradle maternity and women care,Hospital,18.5907775,73.7849492,3,OSM
Pandit Clinic,Hospital,18.4956181,73.8594427,3,OSM
lonkar,Hospital,18.5295135,73.9363445,3,OSM
Unknown Hospital,Hospital,18.4625338,73.7747535,3,OSM
Ruby Hall Clinic Hinjawadi,Hospital,18.5925314,73.7341294,3,OSM
Jupiter Hospital,Hospital,18.5655042,73.7860137,3,OSM
Yashwantrao Chavan Memorial Hospital,Hospital,18.6220146,73.8210657,3,OSM
PBMA H V Desai Eye Hospital,Hospital,18.4726519,73.9239903,3,OSM
Thergaon Hospital,Hospital,18.6133389,73.7816035,3,OSM
Asian Eye Hospital,Hospital,18.5315759,73.8758238,3,OSM
FIRST AID CENTER,Hospital,18.6085492,73.7480085,3,OSM
Unknown Hospital,Hospital,18.639993,73.8452946,3,OSM
Phoenix Marketcity,Mall,18.5593,73.7772,5,Manual
Seasons Mall,Mall,18.5204,73.8567,4,Manual
Amanora Town Centre,Mall,18.5089,73.9208,5,Manual
Westend Mall,Mall,18.5314,73.8446,3,Manual
Rajiv Gandhi Infotech Park,IT Park,18.5913,73.7371,5,Manual
Magarpatta City,IT Park,18.5158,73.9291,5,Manual
EON Free Zone,IT Park,18.5642,73.771,4,Manual
Hinjewadi IT Park Phase 1,IT Park,18.5913,73.7371,5,Manual
COEP,College,18.5287,73.8673,4,Manual
VIT Pune,College,18.4634,73.8671,3,Manual
Symbiosis,College,18.5089,73.8046,4,Manual
Pune University,College,18.5466,73.8252,5,Manual
Ruby Hall Clinic,Hospital,18.5204,73.8567,4,Manual
Jehangir Hospital,Hospital,18.5314,73.8446,4,Manual
Sahyadri Hospital,Hospital,18.5089,73.8046,3,Manual
